/*Por favor ejecutar en orden para que se llene adecuadamente*/



INSERT INTO `Telesystem`.`roles`
(`idroles`,`nombre_rol`)
VALUES
(1,'doctor'),
(2,'paciente'),
(3,'administrativo'),
(4,'administrador'),
(5,'superadmin');

INSERT INTO `Telesystem`.`estados`
(`idestado`,`nombre`)
VALUES
(1,"activo"),
(2,"registrado"),
(3,"agendado"),
(4,"en consulta"),
(5,"invitado");

insert into `Telesystem`.`seguros` 
(`id_seguro`,`nombre_seguro`,`porc_seguro`,`porc_doctor`)
values 
(1,'Rimac-EPS ','15%', '60%'),
		(2,'Rimas seguros','25%','70%'),
        (3,'Pacifico EPS','10%','60%'),
        (4,'Pacifico Seguros','20%','70%'),
        (5,'Mapfre','40%','50%'),
		(6,'Plan Salud','10%','80%'),
        (7,'Sin seguro','100%','100%');


insert into `Telesystem`.`cuestionario` 
(`idcuestionario`,`nombrecuestionario`)
values 
(1,'Antecendentes familiares');



insert into `Telesystem`.`estadoscita`
(`idestados`,`tipo`)
values 
(1,"agendada"),
(2,"en transcurso"),
(3,"culminada");

INSERT INTO `Telesystem`.`sedes` (`nombre`, `color`, `latitud`, `longitud`, `torre`, `piso`) 
VALUES 
('Sede Los Olivos', 'Rojo', 37.7749, -122.4194, 'Torre 2', 11),
('Sede Surco', 'Verde', 52.5200, 13.4050, 'Torre 3', 10),
('Sede Lima Centro', 'Azul', 19.4326, -99.1332, 'Torre 1', 3);


insert into `Telesystem`.`examen_medico` (`idexamen`,`nombre`,`descripcion`)
							values (1,"examen fisico", "es un examen en el que el médico revisa el cuerpo del paciente para evaluar su estado de salud general"),
									(2,"Análisis de sangre","se utiliza para detectar y medir una amplia variedad de sustancias en la sangre, incluyendo glucosa, colesterol, triglicéridos, enzimas hepáticas, hormonas y células sanguíneas."),
                                    (3,"Pruebas de orina","se utilizan para detectar infecciones del tracto urinario, enfermedades del riñón y otras afecciones"),
                                    (4,"Radiografía","es una imagen del interior del cuerpo que se obtiene mediante rayos X."),
                                    (5,"Ecografía","es una técnica de imagen que utiliza ondas sonoras para producir imágenes de los órganos internos."),
                                    (6,"Electrocardiograma (ECG)","se utiliza para registrar la actividad eléctrica del corazón y detectar problemas cardíacos."),
                                    (7,"Mamografía","es una radiografía de las mamas que se utiliza para detectar el cáncer de mama."),
                                    (8,"Colonoscopia","es un examen que se realiza para detectar cáncer de colon y otras afecciones del tracto intestinal."),
                                    (9,"Prueba de esfuerzo","se utiliza para evaluar la salud del corazón durante el ejercicio"),
                                    (10,"Examen de la vista","se utiliza para evaluar la visión y detectar problemas como la miopía, la hipermetropía y el astigmatismo");
                                    
                                    

insert into `Telesystem`.`medicamentos`
(`idmedicamentos`,`nombre`,`precio`,`cantidad`,`frecuencia`)
values 
(1,"paracetamol",10,2,"diario");


insert into `Telesystem`.`tarjeta`
(`idtarjetas`,`numero`,`nombre`)
values 
(1,"12345678","visa"),
(2,"87654321","mastercard"),
(3,"14785296","american express");


insert into `Telesystem`.`alergias`
(`idalergias`,`nombre`)
values 
(1,"moho"),
(2,"picadura de insectos"),
(3,"polvo de cereales"),
(4,"animales domésticos"),
(5,"látex");


insert into `Telesystem`.`especialidades` (nombre_especialidad)
values ('Cardiología'),('Traumatología'),('Cirugía cardiovascular'),('Laboratorio'),('Rayos X'),('Ecografía'),('Ginecología'),
('Urología'),('Medicina Interna'),('Neumología'),('Pediatría'),('Neurología'),('Gastroenterología'),('Endocrinología'),
('Otorrinolaringología'),('Nefrología'),('Dermatología');


insert into `Telesystem`.`historialmedico` 
(`idhistorialmedico`,`tratamiento`,`validahistorial`,`seguros_id_seguro`,`cuestionario_idcuestionario`)
values 
(1,'Rehabilitacion','1',2,1);



/* Un doctor, un administrador, un superadmin*/
INSERT INTO `Telesystem`.`usuario`
(dni, contrasena, email, nombre, apellido, edad, telefono, sexo, direccion, roles_idroles) 
VALUES 
('12345678', 'hiroshi', 'hiroshi@example.com', 'hiroshi', 'Doe', 30, '123456789', 'M', '123 Main St', 1), /* doctor */
('14578934', 'manuel', 'manuel@example.com', 'manuel', 'Yarleque', 40, '123456789', 'M', '321 Main St', 1), /* doctor */
('17845767', 'luigi', 'luigi@example.com', 'luigi', 'Doe', 30, '123456789', 'M', '567 Main St', 1), /* doctor */
('48764321', 'jose', 'jose@example.com', 'jose', 'perez', 28, '987654321', 'M', '456 Oak St', 4),/* administrador */
('54567890', 'mario', 'mario@example.com', 'mario', 'Smith', 40, '555555555', 'M', '789 Maple Ave', 5),/* superadmin */
('71231035','jesus','jesus@example.com','augusto','gonsales','25','945202825','M','789 Main St','2'), /* paciente */
('75749561','dana','dana@example.com','dana','nolasco','19','951899507','F','789 Main St','2'); /* paciente */

/* Aqui van los administrativos*/
INSERT INTO `Telesystem`.`usuario`
(dni, contrasena, email, nombre, apellido, edad, telefono, sexo, direccion, roles_idroles,especialidades_id_especialidad) 
VALUES 
('34185296', 'lucho', 'lucho@example.com', 'lucho', 'Ramos', 22, '775555566', 'M', '234 Main Ave', 3,1);

/* Aqui van los pacientes*/
INSERT INTO `Telesystem`.`usuario`
(dni, contrasena, email, nombre, apellido, edad, telefono, sexo, direccion, roles_idroles,historialmedico_idhistorialmedico,modoregistro) 
VALUES 
('23766788', 'Alfonso', 'alfonso@example.com', 'leonardo', 'abanto', 25, '987654321', 'M', '890 ABC St', 2,1,"invitado"),
('23456789', 'leonardo', 'leonardo@example.com', 'leonardo', 'abanto', 70, '912332176', 'M', '456 Oak St', 2,1,"invitado"),
('22647853', 'Julio', 'mionks@example.com', 'julio', 'perez', 15, '909574324', 'M', '123 CBA St', 2,1,"autoregistro"),
('28573467', 'Mario', 'mario@example.com', 'mario', 'verastegui', 30, '907473653', 'M', '678 XYZ St', 2,1,"autoregistro");


/* Solo para doctor */
INSERT INTO `Telesystem`.`horasdoctor`
(`idhorasdoctor`,`horainicio`,`horafin`,`horalibre`,`usuario_dni`)
VALUES
(1,'2023-04-20 08:00:00','2023-04-20 16:00:00','2023-04-19 18:00:00','12345678');





INSERT INTO `Telesystem`.`notificaciones`
(`idnotificaciones`,`contenido`,`usuario_dni`)
VALUES
(1,"Recordatorio de cita: Recuerda que tienes una cita con el Dr. García el martes 27 de abril a las 2 p.m. en nuestra clínica. Por favor, confirma tu asistencia ",23766788),
(2,"Resultados de exámenes: Los resultados de tus análisis de sangre están disponibles. Por favor, llama a nuestra clínica para programar una cita para revisarlos con el Dr. Sánchez.  ",23456789),
(3,"Cambio de horario: Queremos informarte que debido a una emergencia médica, el Dr. Rodríguez no estará disponible hoy. Tu cita ha sido reprogramada para el próximo martes a la misma hora.",22647853),
(4,"Notificación de facturación: Te informamos que tienes un saldo pendiente en nuestra clínica. Por favor, llama a nuestro departamento de facturación para solucionar este asunto.",28573467);




INSERT INTO `Telesystem`.`conversaciones`
(`idconversaciones`,`fechacreacion`,`usuario_dni`,`usuario_dni1`)
VALUES
(1,"2023-04-22 20:00:00",'12345678','14578934'),
(2,"2023-04-22 16:00:00",'14578934','17845767');




INSERT INTO `Telesystem`.`mensajes`
(`idmensajes`,`contenido`,`fecha`,`conversaciones_idconversaciones`)
VALUES
(1,"Hola, este es el Dr. Pérez de la Clínica XYZ. Quería recordarte que tienes una cita programada conmigo el próximo martes a las 10 am. Por favor, confirma si podrás asistir o si necesitas reprogramarla. ¡Gracias!","2023-04-25 20:00:00",1),
(2,"Hola, soy la Dra. Sánchez. Quería informarte que los resultados de tus análisis de sangre ya están disponibles. Todo parece estar normal, pero necesito que vengas a la clínica para revisarlos juntos y resolver cualquier duda que puedas tener. Por favor, dime cuándo puedes venir.","2023-04-26 20:00:00",2);



insert into `Telesystem`.`receta`
(`idreceta`,`observaciones`)
values 
(1,"ninguna");

insert into `Telesystem`.`cita` 
(`idcita`,`fechahora`,`citacancelada`,`sedes_idsedes`,`especialidades_id_especialidad`,`estadoscita_idestados`,`receta_idreceta`,`tarjeta_idTarjetas`,`formapago`,`modalidad`)
values 
(1,"2023-04-22 20:00:00",0,1,1,1,1,1,"efectivo","virtual");









insert into `Telesystem`.`consentimientos` 
(`idconsentimientos`,`consentimiento`,`historialmedico_idhistorialmedico`)
values 
(1,x'FFD8FFE000104A46494600010200006400640000FFEC00114475636B7900010004000000500000FFEE002641646F62650064C0000000010300150403060A0D00000A63000010E8000019F4000027A4FFDB0084000202020202020202020203020202030403020203040504040404040506050505050505060607070807070609090A0A09090C0C0C0C0C0C0C0C0C0C0C0C0C0C0C01030303050405090606090D0B090B0D0F0E0E0E0E0F0F0C0C0C0C0C0F0F0C0C0C0C0C0C0F0C0C0C0C0C0C0C0C0C0C0C0C0C0C0C0C0C0C0C0C0C0C0C0C0C0C0C0CFFC2001108006E00AF03011100021101031101FFC400E800000104030101000000000000000000000503040607000208010901000203010101000000000000000000000203000104050607100001040103030401030403000000000001000203041110120520211331221406303223154133250724341611000200030505040704080701000000000102001103213141120451712232131061810591A1425262231420C1723330F0B1E18292B234D1F1A2C2D24393241200000503040301000000000000000000003001112120403110501222410232611301000202020103030501010000000000010011213141516110718191A1B120F0C1D1E130F1FFDA000C03010002110311000001EC3E66DE66CE0DDB4FD476C69EAF0BA3DC4DAF2FD20EB7CCD681E948BADB53974AC46A2178F553DE7280A568326F76E124494661F4B40EB6F59C9135685C38755FABA9C89CDF6B267E0ED1DDE21CDAF2E46C4A38FD872EE16AD54279AB85E414CAC7B2DC09375DAB54B507D17F65C6C9324F6E654C9324C93C93DB952D3646DD3E4A6F194871F455FCB3D2AC5558049B308B10BE88FA3BEC39046EB24C9324C9324C93248E2DF5BD6C96E958D160807263548F1DB5CE178851B796A9D081E615C19FE86FB4875A87760A90FB2649A0DB51646336BA8B27509EFC8C0CA5ED134684408625B0CCCF10323C12A5C7511C182D6E6F57A4BDAF375022D624AC5C4A6C251D53E148D7071D0B38263D0E72F6E91C3E77F3DEBA0187A8396FF4E1C359C66784EBF1B30E4A0C73D9D1FEFF00931A1B182D6744344C7D10D13640C771920808ED45A4EAE69F29EE2969DE1AF3B08B14753A0711CA495B1F93B0F8DC4268BE90F79C58C8D85AB130C551B084D166929C621CA1D9E37A6F6E2FA2E6DE6FB001A9C91510B5D9ECC751AB6958B611135C7E1EC0E5BFAAFE85E5A309B0B0C44B154C428DB81E0B0D18DC5D0E7560BD7CEFE57DFD757DE62DAF60EB77BDAF7259334AE6A885653290FA7FEB3E62090C4C24696D4288229A285A9D11221B177E11EBDB42E0F4143F27D88CBD09332129180B5A1A3094848909BB067D5AF5DF1C6EB81E16956DA44EAE038F43923936851460AD2A87E57AA129D754A3A8C036B24696A7684192B33F869416134D3C6EDCF45E14C02E1C6C36228541F4CF60C629E56A3D91894E6AE5FA5439FDAD964BB89D184685CEAE8F9E71CB60CCDA0DE9E6F64FA4F9F0C85BDD28337AA670811316A882DAE2E87DDD358BA94EE0EFADCCEDA39DCAB45D315E4A484DB2D8E4D72DEEF98ED4EBF8B1D716905AD8B4ACB85EC01939094981B2BAE47E37A28F67DC217D68A61EE3B30D2EBCBA56EB6926FB3892EDDC3FFFDA0008010100010502E4EBBA4AF3C4D134A3626F1B7AD55FB3F3527D6380E4677D2ADF58E767FADDE8E46CACD398693C7F2BF5BE339F15DB38ADCB1CC1363717273C806D809B36147C86145CC4DB9DCBE64C052D0A9391C5D04D63183ECDF5D83EC9C73FFD65F63649C7FF00ABB90F99144D863D39899B5B89E3237C3C6FA2BB039E2CE4344B95238BDAF39779D4927664CF0BCCD7B3F173C7F92B01F95929F1EF5CD52304AFA16A479E3EE84FA3794ADB109F2E136505794E20B50D8FC36ED3C36092BC6985AE6CF7638899EE58069CE5BCAF1B2432399B53DA9966D5722F0B0AECD523745565F8FE786491B295BDBD05C0274ED0AE723142DBBCABAC9A6CDD0FCF99D3C14618DBB8045CC538E3E512D0FAD4A9FC07012A9FE94D9472FC1DDE0A1E2299711186B677E248EFCB126F30D4DE56AAFE56B27F2F50297EC15D8ACFD8A7914966494C5DCDBE44F1BC4F154BE1D7E4AFFC282FFDA2E6E9B9FBB223C95B726F313B1B5EF58B0D8F92E4ABAFB0F3373937556889BB9591FB8F28BD3A44E94A7CA9D22DC98A11DF903E4E545A6D6ADCCF2D35974B2B9C557AF0CD44B1D2337CB5DF07312B572AE8A49602D737B2B3FDC913D3D39393820144D55DAE0B9D7FC4E67EC1C8358DB5397B89D2AD975499F4E1B1C7EFCBFE47B8B7CC38BE4C2F3B0AB2C7191E14813DA56C28B11620C5137BB61AB141F68A8DB15B969E574AF39450EE3D56E7B14514B3282FCF564E479417220F21CDE4AEB5A62B4D5F24B5D6A932588420835D8A588B1CE8D062635548248E1E4A2F2D5E4F8E6D98ECD596BBD9812BE230D9B354D4B73C12577C67F7266491B9CE696B46508C95E43E4B75C491536CAC5256638FC5187578653244637C553728A0898BDF23DCD0E6D6B31BE4B35DA55CE132FBBC7D835F95DD2436EF41721A0DACE2E8A32BE0BEDB7F847EE8B898990CAC21EC76F6C9BD93319BD9FA4420992591813F3BA26FB429243BBEC7567A9760E48588FDAE921E56E51966E5AB4C1DFF009F72AF3F0555E79DAEA6E77909C44EF73642E6D86FEE47278DD6A3DE22F68DBB8C8CDED7537B5C611B236E0CFDA3970D64DCDC6FB17EAFF1B71B3EE06C32478DA578EB95E2AA9CC856435424CB21D8A6FD6EC23E877E5BE74376FEDF1D9E9EC526C530ADE1E636FC993FEAC5B97FC8CE7945FE517F9343F9444DFC70DA7FFFDA00080102000105027B501DC85E3241F63507ED39D4A2DCE93FA3B5C223404ADE74C2C68F6EE4617042158D4EAE190F1AEED31A63F3CCC458578CAD851042CACADC3F1176130E99D0B72A48F0B6E81C420FCA700B0B2B3D594E916729BE9958D328BDAB31ADB1946B829F096A7232649D3795BD7917911951712B1A37D1A148FDA1F69C512E2B0B6ADA50DC107922670EAC2C2C6A11F42EC09642F2D1A6DD30B2BFA4C3BA3D47560EF22B32A637A0B7B2C2F453316111F80040613CA95843C74808144E85835731616163A1A148DECE6870734B50EB3D18585844656106203A09C2D80A2D3A1282CE9B50C7E495B82E4C3DFCA42F205B9AB73579423315940E47E3749DDE308B70B72CAECBB2256534171DBD87E1EDA58FD43D0AECBDABDABDABDABDAA1C69FFDA00080103000105020ED72A9D7F9123C6C6CF4D92B1C3074614C94847D51EAC2C69959D2A5A3039BCA4443F956E1CEDC741AB7A31F9DA350EC7463528FE26B328B71A06656D016421A616D0B6A965C20C2B6A2D58E9DA99120CC27A6B517E98418E5E37AC3D79084E9BB451AC6BB178D78D788A1121181A15EA5EA18B798E9B536B342F105E208C61181855F8430B074E565656752A319219B9D5E00D40684F75EA8B17211F61F806AF2A12A9C49ADD5C32B3DD654AC0F6EC20EDEB1A651254632A9B83988A1AB8A2347B37AF169840E9959E82EC985D8746E31BA199B202B2B3900A27567747034051D32B38595B913A8F468CA6592D4D91B96A6B709C1611700BCF84EDC5DD27AAABFDAD6A93F4981AE02B90836508B252BE33936AB023D93863AC159E88E3F6C32640F70D8B0565CB2E432B6A79D80BFBFE1EEBBAA9FA7FAB33D76B3A7FFFDA0008010202063F02BC9DE6445A458C55218D7B66B6936099136AC2475B8C0C0C0C1FC54A6B7FFFDA0008010302063F02A27081BD507E86A1BC1EFA750FBCB20731D6B9D1ED518E62114E7219436C6E822D7920741DC669C8EA1D7263510AA83E87D09F65D64CE49929EDFF00FFDA0008010101063F02AF213F96D60DD19189A672D931057A641F695AEDE0C1A1A5A072E79A33599B74E293E9D65ADD44A969F35A158DAC4EE851A14CD57CCF4DD4D66A5AD2E6A4F3485C251A02287D3E93CC55535D41ADCC0192D559F1084A88668E26A7B754EA26F469B544DEA2714BCD943E9FCD3A4B5343AD46E5696649A34D48F08A0BAA75ABAA14D46A2A2890679711037C0F81E09ECB3085CF5002E6437EC89E689030C0A4917DAB2DDD0B3E5174EF9F666A9411985B3947F6A965B2944954281808FA3A953A1569B7534D5EFCADDE364044D4E9AA209F49C3B593EE2B6452ADE6DE614DE8AB035169166632C26D284A4962531251DBE65A87E5A3A5AAC7C14C79751A963D2D352471DE1003D9552CC847CB18CE1E5788BEE82B32B3F68586118DB92D5EE3B62D11C17C4E766C31D49F0ADA0E167E8E8793536969A9BA6A7CE1FE1539A9D1FE32267BB7F6EC30C40E0ADCBBF18CF4B4954CC5AD90CA38A905DEE9FF002832D3B34BDD21BFA498F9945D06D6523B2D1197D8C441E9939979E9BA9471BD5A47F42C9A66556F6F52DCA9BB69FD7BA1A9D207206CCD50DACECDCCEC71262686621917E6D65136A6BECF7B9B946F8F92B9A78A9E9D3FFD08CC7F844716A7A350F3350591FE66CCD07AAEF59BD977626712EC26857A94BF0311046B34E959AF1593E5D4F12A247C4422E89EA5466E7A751790EC983C5EA8AB51E7D52A4AA6339471F0554E47FDF16F177C5F2FB1699459C507AD5028F705F19138688B962A36218454D0689A597FBCD58FFAFE04F8CFAA1465B14E614C998CDEF19F337798B4C5AE137C65D45547118EF5631C1A8A94E7DF04E87CC15FE178A9A9D52008CD955B34C16C251F52F6BBDAB046D129C3458D31B23E62C620C7E718B6A93072A13B208A47A63BA26ED32604546A5FDE6A9FA3A41F111CDE114A9F33CF3D56C59CDE6198101B02DB60CAB112D96448EA180F447E7B7A6245986C9E305A95504ADEA6C3135CFDF94CE3CBFCBEAD46E9062EC97714003012EC6FB17FD911E5FA76E5D321AD23F17F943EA585A01C820BD47B4F2AE0076BD6A673550B6A2CEC6EFB63A62B639A4C25EBB62F34DC6C895651506DB8C7966AD4D932BE9BA04BC7B1BF42CCAB99C0F96BDF1A4AAF757D2B229C33A5A2134E9CAA8334A0F6AD45B56EA94F065D915ABE92A75594F569627BD0C677E3B78BBE32F4688960CB15180C8AA2765CA677C74EAD8EBC2EB19834C6D86E13E8EDBA2EFB0A2E04DA611688E2B0B3FBDE31A632E2A55785BD7F744EA5E40FB1283958A871C5237C37490D428B9980BE0D4A8895E763AD6133677DF6453A54687D2A4CB5645B98E18080F94671EDDB05455B0DE2422A4D81A865282B5E92D495F985B1F53A31F8E8FF00845A2DC62E8CA7C3EC67AC72AB7E521BF7C3FC0438F08B049AF53DF192AACB61C0EE84CDCB98669EC834AA83256B7BC40A2E66848937C2D069D4B089C2DAC0319365BE46F808C99325CA409C8DA337EF85013295E669CE7D8632B5BB218E5F98A384E313B95B082C2C0701072FA4C0A4E264581B6435337A9946673946CC604904F69B626E730864373020F8C56F2CD59C95A9B1142B9BACDB0F475148348F123081F466D7325A2C71D818FDF0AF5F4EF4355A4196B071CCA310718F2FD4133CF472B6F1099F4D2D6280A6B86B0F843AD5D2D5D5B9E5A74C7EA60E97E9D69D336297CD5186DCAC16174B4F474D0ACB3EB29A939945D9719ED8BBA482C0A6D7F1C22A2E2C84587F69869C03E9870703C3BB081BA0CF08CDB2F86C85733893D93F5F603D924C2F3035817E4D694AA0F785E0C04A9CE97137CA16466030FDB1528AD77E95362A00D80C7FF479669758CD633BD255697E2494717902A9F82BD61FEE8EAD0F2529545CDF5157D6271C3E55A7B394BA9A9FD64C65150504F769009FB2335462619828016F261A24794C4C732C2CF011286A23E58C76C364E24494DF7C4B1DBD83DEA8722FA270CE7D81387F2EF33A2ADA1AEB26AA27359E319695515E81E3D36A05A194EE89F75B05B309B45F16D7FF00498FCF6FE58E0666F0946C85A69693EAEF85A62CA62C9E3BE1A38A5E3D965D1C3F741CDCD8C3FE2E3DD0DEB8B21337BDC1BE462AF55C84CA736EF442DB3E0FBCC0152C59FC86EFC44196CB638413BE2C53EA8B9E3DB8B9E3E72F06315E5F992B7F0F67FFDA0008010103013F21714B51FB3D4C67326CBEF1B83452415903A0AB29BDD2B356B35E770E3E1085A8B4ED46AFC434807986FD79E8B95555BD92F98BBA73E2AAA97DC1F51E4337B47F12D9D3AB40C311ABFBA513C4768E80610AF83E6E79921F6996BB971A6963D449038DACA169F4816CAE6D4FF260994D0E3504A8638AB3D0CE2BA9640195F634458A4B3A8716147CAAB3DC1D6715158BEF30469805460EA466195C168C24A905A92368151BCD8F2B153558BF885FD0F58347ABCA1737C2F9860785AFBE046A08C3BA578B25FCCA5AAB697C47CACBB5C76770D1CCC884B3E8743CE6160DDCD46C963DCA0B6C793F30DFD7E69E4FF9B9E8519C7F7340E0F844B2732CE67668E6553D2CD55F4134CA823F252A7C2257B83344D337EC22740FFE449006A9F012F4C1E7995D0161C9FC54248ABCA4E9000F0D67FE261118B65CD3EDE8E7B67E7325AB4B28CC3D77D303A4A50029626BC85EC3049DA3297591F1BEF287DD7ABE2F4FACBC196D72F0AE2677494DCC09DEC7DC1958A3045DE0BE5DF30CB3E3070561ADEDEC9703A970C0E655D0D0B09666BF22563575DFF507E3E0E3F468DF733932F1AFACECB53E5E18BB34C1CF5739CC07DABFD983EA3156FAB30FD0DDCC4FDAF22E6D724F278A8D3C17A2294AADDEA0903C86A9F0CD951D455B58C157F32808F087DCA835647744D07C7136F659C03957CC283965EE8BF03F130FE412B065E522295FA2A94F0FCB3E8D5B9EF6133C5348CC40965AB301DB3219E1BCE5E0E7DEA166B39E55B47B6292FC6665A0396288D74627EBB65824B603FCA5A5A1CEE64BE20B36707CA2F10A721E63776DDA7C444677F262D3C1708DA294BCFB5FE0955C73D1ED25B2E975965F4841948345AC3F643A7608C550686240DD5C56012D15E3AB2D7CDEBC4D009514DD55D204436356739E254F41FF00F197BF4AEE88FD08CBD97411D23FB3F827283730B89607D05B8AD4E74E0D2F05F8CCB4F5EDC8D7E6ABE6534EDACAA5B2CAF9974DC38B996C6D410E9D1844DDCE3822B726C16BD988212A2704305ED073C40A24117680067B87BD03412B9094B05CA3411607D72E89BCE6291C349F68AF3FA7A8E7D435AD41B68EE72A69E58738D7766804D40CE784AAB3E92C2BCC507459C40500B5C01018A7C18074D6E3A544C800E436E7A9790745671DB1FDAA1912682DD5B1A2007B364FBE6A5330E84CAF6007E6036E1657C7B4B43F0020F1750162D63CA770238161C7BC6F5F23FDC55D22BB1D32CE21DC096524BE33F02099BD43B7FD4BE6CE9E4E4F91E49939B92C876A63F1EE46599524B29BB767B92E149ECAB3EF4C20ED87AB1E3DCA6301425FA7801EE4BA975894D032FED8950FCE726D71A3E3D2088168B62F692A09E2E64DAD1F4CD798237A79BE5C6311485B72C02CBE58E8468DCF2C37C4CE6BDF9AE7E62D50BAE4FEA5F985BD8B3DE535D4E15E7CC117E9D0A84E5D7D64C0FCF716C115C64E7FD817EAC18178B4E7FF0052CE08815ACD4F70CC91882F3DBF23F696BD8E3236B5DB330E2BEC1DA58F8968E698FF0002293811E751D354B91814D1CBF339EE9217072F45EBED2BBE9686CDD16FD2BC4C5CE3F04EE5D7BA5D36AFF7B3160F057DE558F708A1682AF795AC535127C1A651534E4967218E9A97980F90C7E0DED00ABA0B57006B0AD278BC9E38E22D68CDF202FEB2E983ED28AA7091F5717B5F2316759D0FD17284E2998AE4D92532ABB023DE1FDA5AB1C552BE24DAC85DB6AB0E8136378D1E63349D7E09903BFC7994657F70EA6233006BC11043973ED298D837E5E6C8301224C17C261991F7C6F1730155D37CD93F4198214BD3477027488144A5BC0F264DCB6AE6A9D99C2CD3050E0B57930C655B5A0F3F316E55D99FEA7313C12FDBFF00B8032BC581F99CCAF26234272DE9CAF69B93EF90ED799C6DE3F04D35F0C2537C33372E9532BF547E604E057DDC399DAEA936D3E272D5FB07C5C5D94B25E39694028D0CF8C0CCF112799EA7EF89EC56F8453ED423C4FC7FA97FF9BFB9EDFB62E0BF48CCA391AF8E66BD5539EFF7DCCDCFFFDA0008010203013F214CCA3D16008E8A9858DEE4A4BF5ED730824C2150BFA75D421B997713D149504D443132C107EAC65F41823519494CED0952BF557A73FA2B62F8F458F0108210C7FC822CB611ACB589CA343488CE4A0689B1A46EDE8FCCF385A5FE8B23246E5A4C58C10A7A248DDB15F49B2413319CE88BE0F45A4A279CAC4C5E3D38922A8E4837446A366CBF7070F48AD784254951F4A95EBBEBC99840FA6809E95A851E8112ED136F8827FC07D609C5F40F42036F4BCB84A9622FEA7D40188055EA38FA20A811F41F41080CC5545B2A5F72CCFAB69E81E8F5996454BE111AF42A566A2543D70972A25C292929061772DDC125FA76A6A6447F8884327A5917A37A26D98698F4E7D398FAB065FA25BC469ED0E0C0966C33F6D81FFA9D0237C4CA5C56A1E8465C2312557A1297A20AAE25DB217819EE97DA0466B1027E88FA139FD0C4A4764F295E95454D7A1D1E9FFFDA0008010303013F21C5E970804F79E65FF840713123130C565B3D6866659E929A6A07307E83D11E8BF52E50E58EE5B1B3E20551BF31916DF5DBD08B1E84A8454A951FF9D9FA20DCA95E8A95E84113FE2914EA546CB886D7FB1E29484031F49E41156B71EBE85BF4541B118466D05382332A0E700874CA764E0210EB72D6DB95A844195E25A5E10EDF4EC7A130C5C7A3D6D4E1A07C45982D9372432E529257A8C20F4081FD114A901A251E8A67399881751BC17D350F425FEA6395B2DCE507AD08548CD4A7715734125B2117E87A0C3D171710C62D6CCC3C9C6FDE11D1163D1F449949369DC054B2784AF0CBF417972E5CD47A47D7D9DCB47D1C9E92D2F612E3D0DEA370C62DF3125115CBF45BD559000975997A7CD361A660CE3B8FC041B22AF11FDA7699163150B62225F0E883184D4DCD207A54A9505ED20B925EDDC04A667E53269BED260DFB65D0645CFBCA8A258393C423063E9703D47A3B7E12E70C650CC4944A389E296EE1056457F478988C37E998431693AC502D45F12FC4BF12FC4B62C6F51B9FFFDA000C0301000211031100001009CCE8E3F307D1E02D403E0EC85FFD389B20492811FEA747B60000000A04ADFA45A74012BA857F0D683CB8BA68EFCC5D152412FC91D53E7A0ECCDF9C66610B29B3F92E6F081C5E9D2FC044B5ED24511E7B872C983CA1BBF3A258D77550407880D497C65E69C331486C1F53BBEEC7A977DD41756FFFDA0008010103013F10AF3BAC2BCC40BCB84CBCE7D470B25AD801AA235CC8C6B5AA655A8D4966DCD0102433D10F3332E738152A42D4BBB0A8CB3C50CD2AE2ED3E23686675C406CBA1D695016607E8763F497F4F4BC317D49C35BB4C132F2A9B416694A9714F55EF8ADDAA50E23B88054AE01982E00BF1FE9666AC46C7564336042B4F4CA8DF264D02B2D3C1D46AC5C84C0B7540283063DE2AD256C8C0AB33DEEE36B8A4C05442AA2C46CABCC71BA2A8745800380DCAD14294589D54A6C9DB74C74D2B87183908BF9AA0B62C9C706B3A97CCE0B25D5D01CD1034CA875772D4D8D64A4186B7C5E83ADCED5A77A56387A9CFF4BF612156B9422242940E80E00C109CFF0031F4A0A01B60BE5507962116A6EC38DD384812EE5F62475199178426E3118C1ACB7D5F35116F20B6D393B8CA6AD6104C135754F8814B7253891B2A8138BB993052EC36F66BEF1E5052A8BD25D022B5759330CB003928EF7A7B4648DF0A14B4DD598DEA1A254AFD15E95DFA2C09000B98315EA6F4D256A976B7CC5907447818589D55917BA6C141101C2E4F7943105C719C2E959583A2768540720E9127631B3CA915ED3740E15BE930660CA40004A038D930B9AD31A3C2408CA1585E002E292EDB3E78C12F4C9A4E9CA5383FF14C00E42C5882AC5AECB688E569E965AD01ACBEC514439D781ECE11A47DE27C309190D633414D8A2638A287F2DE9D393BD653891AEED15BF69BE88F14C883AB9AE193FF0066A5948DF8C71328198AC22F4F2CA8108E30C6428DA34B6D173EC4894395D6C05642D8C73014E0C559165A65AC13832EAC3A87904AB30F22420E5855423B4295F8A848BD8511F59655DE3D6AB35A00BAEAE04847656163B5FC5CA61D6215B8286F9CE894FB9B3926133F130EAA2BC17F1EE2007A3B442B2D73B443034228D736035F146D757044587542ABE0332BE32F2873485B15BFE4DBDD6F8F98A59AE01EABD94E7A82D3E85C94C675FA44D8E42CAE97039388BDF9D32E9716250F97B8502E928A07409DBF06620E5E3E14E3AFDDCC9B49FC70D79995D08560F68D4A9F73F4BACF881566D8A93BC950DA074D9F985507E08FCC35B8058A1C675D7503A11D65129B5A658F700ADBBCB98D71C10BEECD0098E83F600398754210451D5B651047A0021D0FEE3C06621E105C26ECDD59C0D130CEBE079ABC9AF68584C1D1001F632E91175BD942A1871BE49562E38B8A5253C372B64230855C095531D420893A140A2AD10756CAC5E06F556DFC4B735825544CCF2C11A73A894DB097A3AB6A28ABBAE238732E29954B2EA37C7C67F88880E178317CF010B614A29701BAE6BF11C19A67D3C81A1AAD16CC0052D0B7CEDDB056CAC17C5A317B0B5B3031B4CC01938CCB28A38712A67F8000052B488C7C84060F794CBE9F32BB585ADB3CD580E76C21B8E19C2EF3EF72C70CE2254EF9C88DA55090AE30C438CC4AE630A73348C4A26DB0D715CE416A55064A065669C903C220387B000AEF36E7E222A1B754CB59D57B444AC58C952F008470D9AB30E623061A6B94A1938130360333C0A6540E6D4428AC68D4278B6D4141908366D6AE2714F0D00DB05C295DCB40153C8559193DA612ECA50CAAF550558EE21F111AD0A0D23C32C14C731380F058F2B4F76899B3319B2A103CA1DB7344320A0DD198D96882068DB4529BB28A87F562A5AD42A737C0CCA680EB9A7F0163F1DC75194AFBB1F352E11C8BB67DEA2927D15AAE0023FA06603114033A661A1294219A1180ACE0EAECB382C182DA3E11F215790573306ECCE3A223E661935DE19BE4826DF66D0889C37A090B2D41C0154B699C57DE0AA957ABA1D3DC63C9D8250348E5C3B3E4EA2EBF7B042C3A71EF2EC5274DB3EE3ED0A6CD1CA0D617D9FD404A46D0D432510212235AD9774D7A39DFBD5896E2F91F1663EA984AB5481F08CDE4CE23C71FE398E13BE4D34C6C9500324173D9600015EF456D2F292DC35356156AB01F025F51358ECE897B140F4C51D3026426A16894E3B949102D9A0ACA8F9551C085EF001264AA011A0739BAB949120131EA2E836B5C4B5A0C2D44EF2DB5CCCD3F9B978B90978EE3CB6459C85314DF399822CA005E5ABBE639EF5DE614DE28226B0B14D28C844B4225F106EB2809928039AD885E500CA0CE6DC7D0DC007112E404CABE26E162C9713073835C543EC88F685F66668E1E152FB004AE179C592E0323A855834DD6823D32F88CE85000053811EF7114054BD83CB8691036E750959E9091119767374AA35539393B032A2B2E2F78087278181C4A618A64F578C29284158AE186B42DD394157F448C2EE200DE11B6D528D5E2F04716B345AD691995CF72B0649CF824152E357F8A1A68B30D60E1F6EE01A12EBC960FB7DE7165F4945EA540382F263DE0922A7305130F6FF70BA82038AE45E429311393014FD33F2445722D9ECA4524511E95DA42DE40B38950C58A014CD0A3B35A6ABC14FA9354341D8BB70C4A88012C145041A073097008A1083681A65B38E96CD2ABF58E3BC0D62F80CFA41B9A06B7021BA582DAB242E05E59C436303998D955EC82DCB02DA2C2D6F79CC430C53884B8CB44BC97A85C9D54E03DB8A7E6BF8877D0B136BBF8392509511E4D1B78B9BCCB19C726EA55684D68E15C88C2D552D4946EDBFBEAEE0B05BFED435A99A19E9F88A84252762378A74450172A61752B51EE7FE64046C3BC0942EA559380118156BD32B39A0495556F6DAD1C71D621265B402BDCAABE63789D13ED5FCA00BF320FD6E57C8F855F787C05AB38EF367ED14E41D95F998BD3A0839A9C0B581D90AC6510BC656EAA8D4BF334C95F339FA4BAB97FC21BB989DF2DEDCEB31E1AF5F7EB734372F371F15D54799B4C2B46BB6EAA02D06728305E1179BEA06D57DBFC428B4B617DED7DEFCC36228B64111630670412B416296311C591074D9F09D4B6936B472E232537B5D77DCB6117918BE369F796189C2D15B61ECCAEDC321CB1D2FF0062535D259BFD09DCDFBAAAB4B9878C30F1789D97778F79FFDA0008010203013F10441D09B2355562605A0EF98DCE3F6EE146F365ABB610746C7F304CC3E8F4C2987814EC40D17B978F129583300CB12E9326258DA5F3E8EA381A437300EC259C1001896DE200159DC7A2AC2504C20B750350D4711DC956512A67CFA490998A372A311B65323F4152A25C0A9E5E853487AAA2699454E07C7DC9D7FC4D923E22752CC4CD1CE28F787FC48BE25B4884C42C36C601334F6FF63D957E58C36C26982614431BE4298F2C70CAE3F7EF299E1E7F873316A2A599257F425B609820B4B3D117E75D4A94B9CCFE21025CDDB3000CDC54E3BF7F466E88AF11C70FBC9FC10F298263E60B619430DECC4EC4F0CA78333404F024B9B63065DBD4473E63A5E9032CB3B14194257BC5E9CC5A97E2368BC0F2C168BA890B99BC423094CC4C4C2620B52827022A8AE65C1D4ADDE2090082B7684495532CCF272A3787E8CB6EDA0040C4DA54A8912BD3020CD91198CA622D5FB4A123416EE008151D37150D903144AB9824517DFB7994D5AD8CE719622253E94D5C73895E9A80D5CAC6911E434CEF665767AC1531C7A08EA2992E50815363C8F10235A8D0C44DD0BF42748F84454C4B82EE1E20ECE88BED660A6A79752807CF0C71A40974B95054D6E62381AD10A421551A546166A60120111328D2914EE39C304BD91C30D55E07F89B17CBFB99285625E45735F88035983C8B02E12BDE526BE522DB3A3AE6098314DBCFA55425CA081F4F433C438961083B9D8286539FC251F5194B818FE305457FD23767DE81FF00AA604A1E08A56B1B840DBF11D912E5B984F996AA87312344C706A34CCB708C97371C6D4C31A022CCBBCC214F28070DFA2486A263AAAFACD3D6D79F4B71335BEBD1AE655A78C1477516269C3FBCC05416E595DBF30E47F33C9F9876FE625709F7872E5FC7A7FFDA0008010303013F102C23316A11F0C2458AE9E541E079654D08D0553BFA67AF128B4A28C251A7B3C3ABC6728E3494FC7AE01D301A0E6471CD3C7889B4D5B1E0971941E612AE524B4018A95208828A8A633A0A8765DE3C91603748BF8CB7055E8A2807D97DE6D24B7D7110D41701A9BE62430A95E80FD0C6C7FCEF5BA8FA22CC73613CD253B87942308311405E621FF17F24A8114302345CBFC1CCE97F7FA344672AF3FE46F204A24DF7A0B061BF782EAB9350D0B3DF895159100D6225C7E813A26FB11D10F97F897EDBDC775F13862D1DC49AFDF83A3DA5971B8BC02C6EC879775823291A20DB1500A7A36D16CA8BE9B9E32712A772651CB00189AC738131D12A0AB2F3043F282E0DFB4D30964A23F50D69F485681B7A25AE10875E8BC2B3BE241B8A8970F8608E6770287CF70C4BA800D25D59220789908C45C0FCEA1C4BB34F450A306C81515C19751CA8E600DF224CA0CAE3DA1628C733191C855E18A1F11FFD111FC0C7BF0C34D129FEFE626710109841B6714136F490B8C9619F187C4DC86039205625A24B72DCBB8473529021BBAEA27BB5F7EA16050E6295EFB97399472AA5AFBB3683210B2187A12198341BADC12F38FACDA93E83FB96BB3CAD9E497AB08ABCC08ECA81771FBB96445DA8AB2AB64B815580F2AD07CCE62588103D5CB770159A858DCBC71965583304A9B33F481654429DF997BC2531F59B79C0FF0024CAE0F9CFB435AB98829CB8863083B6618375D626BF1D3C4465472EA521C44725E3EF2C20A60C4729B4CC4B92F47A611E908076FE88CAB4F5C3012AA149032E037AFC4FB0A24FA3308A9E521BA1ED8ECAF9AFC45E8B792FE61A0CE5442BE5858880732AC333835302E7225AF3A8D246AF88B507500EBDB886028D939D10558E222C54702AFCCF07EB07008EE562D709AD88FD1B98807A18E7713BCAD1D4A6B18758B2A8A998ECEAE617CDE498B4627171FF00F52FC0FB7F717D3EA45F4FA90E0227057C22F97FB3FFD900',1);


insert into `Telesystem`.`reporte` 
(`idreporte`,`diagnostico`,`firma`,`bitacora`,`historialmedico_idhistorialmedico`,`cita_idcita`)
values 
(1,'Hipertensión arterial',x'FFD8FFE000104A46494600010200006400640000FFEC00114475636B7900010004000000410000FFEE002641646F62650064C0000000010300150403060A0D00000B73000012CB00001E8100002EE4FFDB0084000504040404040504040507050405070906050506090A08080908080A0D0A0B0B0B0B0A0D0C0C0C0D0C0C0C0F0F11110F0F171616161719191919191919191919010606060A090A130D0D1316110E111619191919191919191919191919191919191919191919191919191919191919191919191919191919191919191919191919FFC2001108006E00AF03011100021101031101FFC400D400000202030101000000000000000000000405030601020700080100030101010100000000000000000000020304010500061000020202020300020201050000000000010200031104121310210520223114064132243415110001030302030505070207010000000001001102211203314151221361713242041081915223A1B1C1D1627233F0E120F18292B243142412000104020301010000000000000000002110304011002050016131511301000202020202020203010100000000010011213141516171108191A1B1C1F0D1E120F1FFDA000C03010002110311000001BD717A65EAE2F6EFEF49EF78727687A858A0F258B85674F96D5EA7CD9E635298B9166BA1CE6517937FCFFD9E54E1AE90575E776CF117AD4314119E17DD4E7AD9A9F1E33B251D4D592D25B934587A560AE57F74B3B0614AF8E2DC865B7A34CAB1A3D3A8F9BD1D02C3C19F8F0C1877A8763881CEF99EB101B2E606869B422BA165DBA5CCDD685A73ECD40987372FA22727A28FD5266B3C584B447CF0784F31565A631D6D6554C3619781A81134245530A302EB8E474E9A5AD931351E1771AAC179153EB67A5A32EC0449B8895E06F44EDDA9101D1258F6B864305B2D2C6B9BD9E5B1544B55584574CD7DA24D9106D3506B154B757333055933729C8CCC4D47742231C957374DB3A34D1D7B7B19D5367DE4DCEB5A572D5868E561402D0B0C343C9695EC2B1146C7DE8F58D7A331CC4194724307A48BA9EDF132E4CF06F5C824EF94C009DD95912E5F3C0269B8163504DD219BEEFF00DCF98194D529B8353A3F20874C9E1BC88D8A04DD2B09EACBB7B0503D837259B4A6512D34D5CE39A9797E990C5BAFA5F9A8B5368CE844BD29EA1718AA1A38501D8A66098DBAC14D87A116F42C54B4651CF19E0B719ED30814BD052701E75BFA2F991BC0E8B73BE005DC961FA6ED1D0F93E5333693E09E2AFA4F27A89691D699C8D060AD839F71B623CC1492D4FF0051901A79577DEEF1ACB4C75AE574E2C2696CA63926B53ECF677D588ACAD495D0A9851B67CE602C2B272FB45A9D20B1ACC5651421D7AAA3CC1C9094E2E564FEF48F5C8F53FBA199F018C9ACAC6E3DEF9B5249C16507A523B1C7515255B8B4063F4F640CCAC74F9D6CE4F6B6CF6F9EF7BD9CD6D37ACBD086CDD3E501E9DAE544BD3CAE1A687B26B9EB929A7179586AB614B84B899D4B9753021E5CCE8C83EDB3371D9C3D381B3A51D57E87E737F602A673183AB6D647CD8535B25D910D6678A4823F789C3B14D5BC99CE0D3FFFDA0008010100010502D2D8AC5566A2D84D57521AF5B02DB557117BD986BD729AF55ADD8DA60DAB6596AD9A9419B9A074254DACCE965758D3D4EF2FF293B2B0A8AE1197EE55AFADA8719AD59CBFCEDFA807DD3B09F55AB34FD8D4783635EE4ADEB06B4653651433D54562C7D7AAC6B50B43A5713B158FEB57F32DD84A7E4D6255AF5553D66DE68BF6BECFD34D9D6AACDCB75FFC7F4EC6AA8A68B459C5FF00B76EC4ABBD4F7DD6B54ECAFBB5DF73D368B686D4BF3FA68AEBEF3B5BB755FCEBA76B9FD1BD2BAB5BEA0AA2A42CD82B72BAFF0066C61F274399AA9A14709BAA3551BED69935729D595B2DD6A293B7B38D0DE7776D6A6D89B16EBB96D6DC89A9AD417DD83FB9684D5CD62BD5D4836BF7B12DCF1947D0D7B67754546D0DC8D6755777CF4DA55FF18F5635C66C35DAF59B5F082B650C95226E688651A9721AA9B82D0A929D7287612D760BB092DA9B66A4A8D2B77739D5ED2DF474F46FD8DBD6DA59AC40A031EC1B3C1FB794E94697D3DA46AD8B2BACBCB6B2EABA5D829D2D7A0B0AEC99C3D7EE5BB564A0EC584DE125ECDD7DB7A9D7B5EC9BDF39AFAD7ED1C6C7D47B068EC5B752B7A2A8BAE494A9B57832AA2BDB29AC242A70AD89B1B8BAECFF00FA9B05B774B563EDDC02EF731DAB6D42AB43A63594EE5047F6D997BC743FF8C6A4D4F8BADA6ADF2B752FB858873B042838B28AC8E2043754B2CAAFD9B7707D65A3476285AB66C17D7ABF37529AF9054A069D82ED6749CAF595D37DC5A844B00511E9ADD6CB1F59908B03DCCD29D3EE64D1AE87FA9BD76BBFCEDBB6DD86A6B78356852151626E6AD8DF4759FAEEFA975AE9F56C23637ADBE6A27A4D9B813BE636E5D2ADC67357ED19EE12BFF9158AAB50CC4A3EE5BAB2CFABD9196ADCAF4BE726979DD5B1B5353E6EF597CFB9FE3B6ED6C59F0BEA5634B500D87C2CDB076004E0B4B555DADBB5572BBAB58FBDAF84FA75D751D84BE26BAF0BD696A8E87CD69F376B6F66C67559B3BD5F34FA5673EF3B295DCA4F9B7E3D2D76DFCCFA0B65BB074B6ACDC6657DDB6C37DD6BB51797A92C780972C0243BCB55576CF20DBEEB1F7AFAC72E5030455BA26E3D4EBF4BA6CD3FB425BF7111ABFB14B3C750CBF62B3ADF494178BAD3FF0036E67D5D44A56A4286C2A21B4A14D848FB6863B6C36D662A968CF93CB3029735A575CD6AD3608D4A0CB3E4A73EE74B2FBEAA46C6AB7DA47A0D767B53A9A7D94DE804725A3D99AF628174ABE5BDF6EAFCED5D65B352AB4FAC0C6085CAF5C5C67DCD4EEEE5CF19B5FD7EAFB2B40DAF81FF004BEFA6AFF6EBC8B3597DD8B7286C85FDA6A626B97948C55FE9FFDA0008010200010502A8FA358338959D9390100E730A227131EC884986B58E98F35A729FD781710C2B830CE422E00C782440622E2145CAA085018D3A8C61E95098B4C0A04CC6C99812C7C41634E4DE3F8F1FC4FE62FA81B20D6663845B3DD8A62AB4B0CAACF53F99D715713889B1EBC709D4D3199C26333D41FC951039139069C5446B67EE62A4FD5276FBF7394EE9D825E727301F7DB3978CCE3E0113F59C419C62262580998610AF21C78C6E52ACE6C6C32BC23C6666010CC78F73A4995D188E07858D618858CE72C3EB9B095B130560CFEBC5A25C801C4C4E33115498AB8F0823590CCC36416CE59014C5FD61B561B276E01D822779961C859EA62141313909FCCC34E5885CC6B09F09C6324F71509850649840F0272CC199CA67C11056262665B4E60A409D7024CCAEC33B21B0CEC83DCF7026671F0AB3ACF8C79300F07398EDE2A1ECA4E188E209CB205B806010BCED695B66665B760AEC7BE7CA03F83D399D1152719880465C123CAE66275456C424CC7856222B622DD0580CCF83E0FA9CA078F930CC4021482B800C4300989FC4CE656BCA041089CA133333E442B38F83662162D07E1EFCD59CF86C4B6570433DFE3679FFDA0008010300010502B57D8B26419C271261FD67EC636444AE38020B1A57672866258D882D8608AF987C718464E21433898446303B466380C4459DA229F66C021B616F05B10662AC7E39C098FC8AE08B04FF007C6ABD56C21659508E9098C7105D19F94E6D29F7E11B331E33E5840C61406619673630553F410BCFD9A75CC09D73A275195AF118C9E739CC7E19855A7EC20622728CF98844CA981B892D98B89662563D63C62719C7F06821B711EFCC46988D15046E2270883DF158EB89DB882E86E95B79E53309C463332C6CCAE9CC5E027B305621AA71C1E421FDA7599D7387BE338CACFBF2AC66671309C05E1082604F2DCA2BCF50B0139780C601987D40B19B13398E62366063399F05184AEDC4374E7059098C8275CE021AE180087D1CF83898108FC2BC727B9713D78558231C4ED10D9983DF8E1ECD393885A098962E2625754344E1C615FC12DC4EE8CF3333018AD33E78F8CC299814792A0C6AF21E8962F10181F021F189880E2337A56999CA169939FC9CE231CC0A33C6011971F8E67281CC0333F899FCECC63C2E65465DFCB793F857E7FFDA0008010202063F0264B234AEF71DE94875095DB3EA05ADAB3F5C1344310CE05F9C2072E708F732E3F8D7FFDA0008010302063F02845B3A5A0D4A067C42CDE7E4E1C1874E0C2BF5C29E7054C1CFB14C812EA2077FFFDA0008010101063F02E9E42C1E87F057464C9DC188DD74F2C2F71A85C903776AB81FDC534EAA59B1FF0021FC15A033715CE3E9EC54FA73B253F13D428658463930F9A550CA7394C484E1658EC55B121EDB2357238F7A17CACC50AC61E6976946509B465E31BA18E2291A0461934951978C08CB94424A9A21188791D00D542FF4D90753C1452CFE8D8FA69017C27A4C8FEB54233F4D960784254FB42329E6963940531E6143F05D584B9BF4A6712C92F99396008A81C53CB29EE4F8B37B95D38B9568C8211F9553306F951F4D22F7C5AE2B183107A65B24B4765F50463D90D7E2BE945BB774DBABB1C6F97CAECBFF0034603D2D95063CD23EF5D5F593966CA3C3099D7E3B287A9CF804726BD2F23F6857743163CB3E5392000D11C72D0F84FE0A1D194AD20DD25CD92E8F88DDAA94A31808C4B171551BF1C6D91ACB1D3ECA2FA38E56714315D6E502D2FD8A8437175F36696FB26C8689F18BF1CF86A10612041DF446679ACA4BDEA1873038EFF0102EFE9D3C8BAA072BA8F793E4D00EE4F92D840698E35F8952CB3C11C9967594E7CC6BDFA2E9608C70BEAC8E3BE59B21F968DF9296594E5107CA4BFDA80066DC5593C62EAFD4C618290735D54E431995F3E73FA90947D3C444518EA80C9166351F92EAE2C8CFB76A626E641CD93DC226599DE57305F4D3F823C4D164C79640F5236956885F28EB395508486BA15F4C8B4EAFB2E2B2348138CDB2B7B15F70652CA298C4C8C2788147F7A10C7FCB3A0EFE251C5EA724B24A42BB3772377A862E5B976DB747A99E6DA0B4D1FDCB142279BCF38D7C4A233C3AF0D8F9832BEF6C5A689E1090AB4B29A765174BD47D3CB0A190A3A7C191FEDAABA32B32EF12B9A771D9946525C8EC2A81B64FD89FC39377A3A13C9CF9340D565E6A6BA809F9845F99D4E804A5CC7B5081CC65E985210268C8316B408DB2FC38AEB92C626A1F657CFC33F0C919C64E054A174FDC2254ADA9A31344F908881A977FB944E104C2120C347AD4AB270A1DBFC934E116DEE6284A2398502E6889368E9A308C0FE908925D6B67CA86BC4CF664DE3ED09E12A7995B77B8A3768164CF864466C00DB1DA635F8A6902DDB556C494065DA971F3047167146D55809B25AF7157C41B7B43272172F87895646A50ABCB68A6FF0074BB5462232CB9A5A60C7E2EF3C10BDBD2FA73E28632F3F7CBF24613CF127CB18F3CD639E189018993EBF05F571C6638A6C3210C9AC4204E3B82999D49F27E09FA0F33ABAB621BB974FCFA557F2CE2FA5026C72BC9375F38C49121A329669CF1CB05AD08B97D5F83231D868150D07DCB9B5F8AF07C16A032AC9BB372A07D2C8E3C5A6532A13FB518FA28E31203C7E299EE1A278894F39FE79C9C737693528C3300711F215788DD37B848EAAA547E796EB901963D59373F66A9AA06EE8C4C9D01AA63456C9E78FC9245A4633D75A2E9E8763B294B287EC2A56D61963D331E0EB1E383C71CBC795BEC0ACBA53C4439BD73074E31C5FB938002B219A1291D002A59FD342ECA2B280D65DDDA98BE288358EFEF7E0A119F2C202F988EA49A460174DD89D62365035E41EE4C1B20DB8AAE22EAEA628F13F9203162BDB5C934DBB3C7BD195A2CE27646422E175341A5BDA8E8C2A10CF5188D1D426FE02F446138BC38F6F62998CCCCCB797B73C7087CB281111DEA38B27A7942519894F3CB60361B7B25EABD10ACEB9214A9E21D753261C96EB2B58B3772864BE73C6FCC46DDE10EC4210C96CE3F50989AD144E4F5133193565DEDFF002A290F166C6488C655B8C7503B476A8CFF00EBF518DE1351E70DD88E299F168BA619C51C6CADF1E17AC9DAAA421E122A6554219A313002A24382BA00DA2B28BECA7D6B21088FE388DFBD73103BD5B8A57B6B69A7C507B6CE08749C48F6FE2BA6640E41FE09E6C32384E4AC80A87E2A31C331384C734A46D01908C81CE4EA63A481A3046B212BA40825E875EC58B25DF531811BB771A3FDC8CEE68CE57980A013EE5191D774E1084A91ECA288C4C1BC48C9E9C11964E696D1D820252D68174BD364E9633595BA929F2132FDC49FBD06A7B3964447B15C21D4FDDA230F574F9727E6BE946F89D0E8A18E5ACA8E344E118C838342167C35605DCEA44BB53C58F0D950750EC23C500719809EF43FD1470998E702606ADB5C3F4952328D472FBDD1B406DC76AB82F1546C530E6968231D4A889C0F544808E2F7E9ECA2EE4C990A5DC5F7571C708C47871C054A177A78FC10CBE9CDA41BBA72A858E53A63CBCAC7CB2FEE8DF311A3D57A8F5F8F927090845BE5017472CABC4EEA80888F8A13B84AFF0023DBF78AA1746D9C6B19EB5F7715740F127FD2A41ADC867619F00D73A33C4E0421068F7F150C5A0978A436080C58C53CC6A542721CD8CB8F77B355CC6BECE5F647A62BB2176BBFB3FF00A5BA4E35E289EA4896AC489538268D60E4DDFAB709FD3E42FBC402C8334891CC746FC172CF2DFBDA249A13130DCD2222EDF62974CDDC503A52A157460EFA0E62CB17287F3B7F643AE5CEEFC7D9FFDA0008010103013F21A4045D17D9EF99B867D914D25A6C805549B6BF88DB56956F88A991BE2178207629DE7FD5416968BB5E15A8EABB80CC40958AD36F8941BAAF2495D9FCC5B506C57765DA94F0C5F224A95DFAF5309B2E70A151D086A4451A706CE0F04B432D217874EBF52974407826A8AB6977EA08E4A39ADA9A71327B31EA217650AD3E026C9982EAA62A8C8E7987F52C789C1B1354A854396B1A6ACB2076A41BAAAF761ACA76C1FF002183896783F33D1C06E95F514522EB5FCD414ABEF96B9CE216AC636FEFB8C06A51A7F84B521379351412E3D39F7D4601E83DC079CCA74C3FFA5FF52F76B0ACE1E59D9C33533E49AC38BCDB2DA457B938BC75E0235CD479B74F0B71036B2C53E8F0D7E3B956F5514C0D05593CCF3DF8FB453574AB811C6AA9F11D6A9B5C313F885688D273F28C294E32B1EC53EE519E30570B78AEE31885632B8DFDCDAC6E060798E6E85DF422FC8F1C4CF7C8EC7FA833DA8C4FDF3F502AA9B0FAFED84A42E7B782EB22BC46DC5BA744323A52E83DB2B9C65E153EDF76C17EEDA17BC5F8096630EC6DAB2A7A83C5668559FCB30D8FB4583EA1D60087D3AF0732A90559AD73B99B59A069AE4EE37FC5C2B21790EA2AE6E26B102B979EA6105FA03DFF003022E6AEF3984131CA9081A569712FAE1F61D33C12C76BADBE63551A031733E7C8E47ADC1B258CE07A8198BB64266F58FA98EB6CA754C4947C1E7C8ADCAD5DE3294D9B17061556F284C87A29BFE3AAE1111729ACADFA25FAD2B01F09E3F398EE8D817DF2F2773E850983D238355283C16FF519930527DC4DCAF38C5B37D012906087CF0CB3CCA06D27114C5FDC4D8EF34F6E67D645F27898005D384AF00131CB0A8A852B07E7B88F6EC553FEC3A0E207F27302CACC4A1E2B129942F4FA1E61AA32CB5C705EE594831B56D3F56421501660E00E89DA76835AE147C433ECD4CB0A7D427D599375C40D1075F553606ED47F7552D8AA28574600BC467073FA4CA5EC2CFB1C8BF1A841F670B5A77E92C2C0DD08E39DC0EB558631D51BFB8694D6C575C4719072863EF32C10AE42315B7207F999960AE53B25766B4B1B8A558EC6EBC473EE0BB7FDCADD5E4A48E73D5AAA34BD8B865D81E881EB79712FE04D70E3C3FF00798AD5741766BD4053B10E7D9EA0539342DA7D4A8C07923D752D4FF57711B83CFAED6390B4D5DB5FEB13801C7B3A1DD4128D641076DD0F70E514D151D2608A118025BCE1ABCB168DA8957157E9049EEA327E6550D5235EA6D61B6573EDEF32E404C5EDAF2D43CC0B0C82B5EE2409E9D025776165D87997BD62DA2E34A1C764D2470750ACA5581E068B55ABA352EA562C78CEA1B50B255C6901D07F946F82FD5FFB16E43BDFF511C1D76E80946208B48E1E539B9844A9B4039003F996C7D8F69C2658747EA61BE6DC1BFE7CC15CC6B438FA8B6E9B750AF01DEC66AF0EA2AFF30252C43E50D1769FE2E3E3A16636B0D42CBB84385B25ADA1B32788B053864BE6A1975E48DBDC7A18ADFBB6CB2B70A747946027942B35E87ED942730844385CD5C71A6D1808B6B673EE5EE0B9403042CBAA16DF5DFD46D6AB8323F1FEF2BFD0F338B4E4E1C770E1EE647D27713EB3AB6E0EF52DCA948D67644E746C581FF70851FF00B47166BAEF5F5B4288929EDF7E23CEDCB786C81B3272B9A1EE16A0B84885B65D8E386097D8B7A671B96594175A7E3A86B88DF4C67333A16C5841A7C88DD14F80E8F72FE3832076454B9F31BA49F91AF81A86368FA665E49ABF44B96569AD0675A992C768596B65DFD442EDABF47FA2713664F47BBA9D588002FB6B593AF598722C0A2D20D0756D84C3174732900BCF07792575475E9F9946D62F7707693284141A30FC335846F991ED940DC057E041ADE004C375160B5CE278465A5B2945DDEBCC06C5F2A8E1415B643D53F72954573471F772A170CD53039C351CE2AA1CD75C3FF8C1248CB3BA3ABE631CA5A2F8216B7E203A1158DC7A19C6209A821823563A6B5D44830164727C1A3077550C0FB0C0E181CB01ACF3EDF508ECFDCAAA4569D1BEE788C5BAB8B0C260F2EA5B450B1C7F73F702CE3E133EB52C6AD72C632B758EA3BCEF3FC8A1910EEBDCA72F84FCCB25AF493EB886A65495805E71CCAB629943675E477CCA8A93258BFEE6F1311259F7926AB442C0355A470931A754D8412FA5711C5E9C2FD97FE47ACDE53FE99E22F3D596A6F8E07C1A5E22C0500E477794323A952DA8B565A99FA970A1439B2711C686CA7AEA3170D0B6A590A984B48404B011BD3ECC6C469D28BB8E17E32E29885CF3FA2021E1BE0FD8D7D4AAC1ACE676EDFB802073584C6690E01BABD9F72C0BD3D4F1F84727C798283997F94E1946FDEE5DC96C60FA71073FACD8D82553599597B10013222E12A88A766CD139F712DC42FE77F7FB87DE0560C4ADD902A43B6DE4F972CB9D707DA9BE2E8C42DA45390795799884072BC83D43EC83B8F52CADED86FEE03CDFB9EF798F7233967B727933C4F429F698993F7072C5566EE2D1BC402CECE13AA9405568D72D839C633302DFF655561FD54AD5CE1570E7B4C1DA7039FD625C495553F4E9E21FB8833699BD6BCC6D5654A6B9F3D85FD4EC160E13373BC608A3128B7E2EF5FD21721EC28C9D1EBCC2ED3FFFDA0008010203013F2112ACD64A11B612E0FC198CAC672E0D518D4F189C466DEFE03E3396F100510959995BC2612FE62E4972BB180EE7A4C23CB13ED1D9308C10CC1E6A59CCAE19635118D6C04094418CCD0FCA51AB833030D31EDB9772C86A48B30A9D32FE2007708C5DBD196A7DB529A27B99F59E1B9CEDFC0834C400F262AFCCB3E12847442929944646331DBC33B1F087C32B117729305B0583CC69AD4D6794C536F3031B885B99EB0705997881955A9C92570943A624E6E6D316C4F2A3DFA6585B9625DC3DD51D20FEE5ADCE6195CCB30CE66F899C0B688916A067B80DCC5E08AED9EB4FF65131582AAB9B582B15C4AB72E0439129BE62EE3F14D18C532CE223585239A659A5C47098075105BCC47944488AF99C0452179651957843F894225CC2F58F2C79772DFCA8657310D6A7DE25014954419899EE64798D153A2288C0C160788025259BDA79C89E3FCEE019E26D14771F19E84F121CFB9747188C6CE25020C951DC1B85D9DCDC2BF37A8B7F146964706A0D54A89F0439461BAC4C18042602A61091A2359587E256F5180A08AF84203D73F0FC03BB8D250423AC2D3F1811C6486771690BB00B1051171B32AA68A3A837718C4B8FCAA28CFC7C096EBE1B4B634483C7F32A20F90A42D7880AD080D11F882B2F4C08BF485F24669C7C3240C31295C6332C11DC6E5B187CCC4E0FCE2CC0DE25AB3A98DD66295FF93F0E7109FFDA0008010303013F214CC8C6125F857231DB71102AA1C329661398E6373985C0C1C303C7C1748B5A99B6CB6C99A452F102E5FE319062B700C711BEA0B08608AC104A22ACD5CA38974B63F19DDCB86235F7F186408B170DCB3FF3788D6ECF8795D41184A35824AD16FAB97E674C18437A8D813C9A89CD98DDDE07C026FE219952F3CC1612030D5C91D127747DACCE21A97CB4470B966E6D2C4C93190CC7442860A23F161F85A994DA8B4C914EC8B78A9AC42999E042EC259A304AFA987CC6DFE371C2A3728E261896C25F515129061E1DD431DAFC3DA86027C40DA5C6A16905583D543F68E99891081A867062F2E1487811F27043E56314451B24B7208A1B974543D2801B65DBF128CACA2062D4582E6652C8147E9007319C419EE5D352B32BF501DEFE0441A5CDC1300F4C16F1046E04357A881197882D45F6C55825A35355D47615DCB5A98A6D6A1E70F740E598CECC64AEB000C08CC089DF0035F280E170AD2D8D7C523CCDC7DC3004F04D28CE512C972D3210FCA52E616E0A193B6098E99875E636436F8FFC51AAB8148EB1F8D6EE5E7C07E12B02A2482AD80F849BC9808C425CCF71FF0086A107FE362C10317BFCDCBF943B7DCE4B7369288D6C8ECF61187C6A6B5047C0BD34A3FF0053E3911DFC66ED316494F69A6770857C313884E71B8EE7FFDA000C030100021103110000107DC8CF936A04B535E7F4237C05D458C8507DFF00D73E1D71C98A183E5E91ACA03D3856D2961BC902102490F5FCF4C62B34989DB90C40D3D4BC2F71ED9A67F9A2BF81C08D72CA34B49ED782E8E4AA80579E3DF3F1D7CCB42F501625C18D82C2F552DB218DDA5CCC48A74A15823D2BC400AB52CB981FFFDA0008010103013F1026235717A2F02894786531A051BFACDF528208603A5046FCDCBF6BCA6D5DA9FD2232A6B4816142CF021AE80B948B8E956439C72818867140052D5A398C4139ACD317CE3A99DFA8A3A139A6F30C06841D014A05E71FAC1CC1B759B618FB309A8CD2EC0524546B4DABADCB702C208047C92F18BEE0A16E4C36365C603EE3CA3AE50B1929BFFA9B0D6B2D145AE563245A5AA1C32188574682D0A23468DF7399E6CF7962FEA002F3E6B40157D472B6DBEC1226C0A00B098117C55C5C1609D2F12A64D640E054BE96573BD58B9006BBC63EB7282AB58686DA1C1B7115D35E90382F0CE2A6710EA9810B2AF16B88A2B5C8BE8B357D4C83F14463914E5EA1E931900868021B730B38060C02AB09C318870ADAD11EF9866864944B4D2D2A99F20758294978017EE6F44A8C97803478FCA0CC6A1658140BAE09498140B953CC643A500E4B429861C26059C22F0689473DE214E57237291558D28EA05708660C3B1B3436E0C2E10138D85C943FA84F2E9379D9783FA8506522D190780158EE5D98789C26832F799C7A6EF8CB957C73B8B74C00A2D344ADA20A0BD5766895987EA05A5DB0016D7A5EFF0031006C5800E6C392FC5C281BA0201AA0BB03F7FA8772D0094477E9088095152DF4D66A9D6F469872D8AC84CDB64B7B45AAA0AB5A4C7A2F8665C91A06A64A8CABD9DC582BD1715AD15BAEE0272C2D270E6FD0C7B66014D0D5D13BED715A99AA6B0BC55D34E2B76B0A303B6C2C37B1415A222010BD07F47572DA972764F6C07B6E283428220B6B5722F35A84794C14AE2C232F8CCB5956064B44729A0A2FCC071A6554364D7E709BC045C09B4033D216C1872003EDE1708BE56AA05905DD25FDC2140DCB6CE70B65F5288565F60EAC5860E41D437E433B2A038B4285AE2F6EF24ABD43E9F181AE323D1370ACE353C2E9EC8351CE30A836ACE6F5B973D88C0A00B54378011EF906C8CEC69B7D44705451FE64E9A802FA0A721E2A3279E101C17298F3AF3045BAF6B0AB6EDE3997071461D86F34D856AA61F6743C215805BE26630961DC78B57B5866EE5999D23228965A323EBCCBF1DE40DC160C7B6A5A862928D5E12EE8C20B90434D8AA185F247A166E4ABBACD99625B6D32980352DB8E665FA7C100A887779949EDEC4052EB0A2FB9492566114AC2A6B1B2257882DA3569BE658844ACB383158DCC51142A37554FD18A354DC14F2E95D4531468C0E30115B3F7E16104D507001BF31E12550A174381DDC6AA392DDB5D05C9C37E58799CE58A2A6956E39B9D4C4C68808A183AD4470C32B74493F2680E2D4D5EA5BA12C50D4000DB1B9E767DC7C06BEB1CA84F03B852E214D217A47F2990E16EB2C38ADF98095EA8535E430B049C1908980166D994570AB2BE80EC0CDCC41C54034A06DEE5FC4C8A5D1B70E8ACE37A6D0456D5D7509717A941ABA6D5C54B80488573B2AE1E074D2AA960EB079B99814664D18D5D6825F5450C47AD599F10D96A552F4D350352CA0943A172BAC85CB3D84AEC797F899FE908924179792AF09591C9972071AAF27A95E62D49CDFBBC42171CFB19239BE1D3B58C6292B14A354D834D660DDD51B627ED082F482B54E1E135D96C1D6F528ADA07831C2339AF66E90A2296F05712E621656A737581F4A8CDBCA04524E0430CB2FF00F0B2696A0A51E15478BCCCBC83C1860ABBA1BDB31F569954D0FB91096CDF8D175727C40998B4AA7A0E71C4CD3E202E3B5611D3885CADB96355BB036A59F885E79F2064B80751182048AF2DD2BC44148C0C8E83F8820E02E58B97823E25F16528816C066FC5B0EE79BBB704BD5770A4A94AAD816880CCA626D093054DB238B89867460C1BCD600FC46933AB48DF605FC45C48BD0CDB68A3ED0296114062B29BC7AA993CD80B6EF00B602FC026008B26C3FC329D124F220A8A72FA4AD0629B80A39AC6D73A4A67B5C328954DD1D6D1A76592B080AA28354EF7B8DA048AA7071BDCB3009F156D189C46737806D1616C2F012E5960E801B3AACCB1B6E5A50EECDB0F3185C1405B4A2DE2A189A3014EF6F82E675E8C94899C5EA6941B313765EB31BB16F542C0CAB6197E287BDCD72FB8081CA51BB66334D5CCDEBFD600A5355F718760FB29CA80D18053F9B740DA77E54CCACEFA2201B9A3847B1293F31B38A88DCB369687E1EF9103044C60535361BEF18A0A8015B6780C0FEDBC658D5F5833141E2691152B8760266B21B2B8BD4028D7114E8DAB91B3BE7116ED82682425F66E88355D1800CED3F16E0FD8261AA6077A9929C1411B0B37FCB8AF88B5665C40C4C041D63BB40532F1752B123A41CD4E1C732D0556CA6306ECBC4A5EB55D46960E7F528E52A0487033C841377A294A325CAB100A01146E32C2E2C63169B12D966FEB3995E272259AAD1DABF1106E08EA51DAD112DC150D310025C5729BAE6DB2DF8860A8D3807AE1BB03CB65CF31D6C177E4B42261B33919BD5A3D84550168BC50712AE8284B28A6F0045647C280963115555B97CC754B0B1D75CD5318F245CA0755AC4CE76EE6326A0C5C99541B4B19040991C770155C2A14A6F83323B40A180C141FB2E1E02749D4CD36A1EA3D5162648A1B0D35A6675A6CCC64A038EA31C58146320D3D54C8E3C10B6D6D4B31B840840EF70AD960D0ECF312140AA181B72CCAC8842ED966F1C08A26C53B9060AE192AD20AA188621AF45F4C6F52E552A52F6B35E4AD4B3D46A0E22A726E66B0C56E41B73184D34F6B4F51929C372C4EFF00B9D1306D4A64BE6C3796995932DB0D1AF284B6EF6CC1E393D0EC512F95F9ACCDC44A0A3B87813C0A0D33858B73898208C5216AEF172F944311B00ADB02BDD57CC51686CC964486D4DF7C01E6EA2D8865ED9E53E9E2092A66D96C000107AA86403401CC93402AFF00B868206E99CD649BDD0A4F2D15516E628E4B580BAD898FB856C235845B70555BCB185C0358323270C58FDC5B57D5A65D45F416FCA00AE8389E8C971534959CE149982F367989705D301AA87F1A3B0D40EC463896E716680B6C0A1545476B21D54B1B0E8F0B30155D400544557969960D5CDB6B4E74209065C01C98951C8F6A28D8E331E1CCC603805022C53B398BAAC0219B10DB8AE311FDA1CD25B54135788D9B0B0593743E65E83AB96C0157F986024A122912EF05F316EAA8ECB2952DD600E6E07D802804FA47A80288337A7D44895C2D71C8FD405A8CB201B4E030A947C20055144F2CB8C4B4AC0B4142CA34C6203E36A552E8ED304E946B7E85862EAB639014D61E0CC21E80A716EB6C8E37D890BF0EBC16251CB5CFB8E2CF5F80B6147D4AE12FB35130A1765723A843674581B1A00CE2B04477090BA1470B957F6841BC005600C363BC1E3702CA0C6808E7C5F2DC302BE5D52B276253960E03681A93D9FC75071A066CAC58EDC4C9BE78DEA0EE24AD103BF7393CE085B9C8621CD8ACABF83F728741669B338AFF0091752083BA83438C036CCE69CA6F02FF0070C310B14321EABFA825F31D76DA01FC02236A70CB90991F02468BF726BA594B4958E5C0170E81B0460CB72ECFC5622E50B552D2EE86FCAF705BB10B018A1B791898D6D282DCC706E993C42C9C1595DAC5A262F25B6F70BA406A540F9A51C0BD4C800A921A5A2D19D9C6A5815812CE07256959626EBA733FFFDA0008010203013F10E0CB1CB550B41C42DD3B372F0BED2CA3CF8F535EEB11BDA23585426FF2C63A1618344315712DBD30036D040708578C46B35880B16A2F7182DD4340625205E8E095B807BA88DAEB46C637398B5465EE396D06DD468AFA9FA2D2F8203800EA2EB0BF73247EE5C8C653F484D6314D1B2034970575B8A29A1D88446C77CC0097F71D9CDA8F334563B813751117CC3EE8F2D9B86AF0CA2C4EEC732DAB88EA97FA253EC8498E862D06980EE73D188505B80CD5C634AC302537DB06A2FA514314B88E626A25606E250370696B97EACFC41558420B8D282AA1298837595AA18992D3CC50253530D41CCA828485C8AD933501C1B8E5DE66C192639B7984ED608F58E1CB0AB90B81BE6D11B6895C615863C916338DD5C717918A8EC95DD098AD40CFC9C5C412E1F519B8CA616CDC705889293DE2AD85B861772A4B981747598D0B0C7242EAB020EC6A5AA49549823166D2B1A7A962C04569C4FEAE39CF9E150C836F9997BDFC2029349606118672B80EE7B5BFA8AB01E035895119C144014DC345BB9C011C62D64731460C77FE6257B9A572A8A8285A5B7A8A0ACF10CBCBCA508C306ADE260ED2A14C30AF01B8C85DF33A5996193E11A062A3F4E50BEF8EE50E4786568E72E0CDE0EA64200839CA289514AD4B5182E886E68DB0D4ABDA8238A604D70E65064BD4A9A89753848A582E68082E925762E504472667F66BF1B4CCCC35E7DC1893B944C5230663C212E3567960AB791FEA2760F28C821B1638AF312D58AD9376F06275E25EBB9750A853ADC782BEE625C55882463A0750A32D90C5445FF51DE4F995CDA9039E250C4C2FC266A75B8954105A012B6972F89D24846D8292E559022B968A728A820CA9A9E20BCB7030D1104AD513556BFA9528FF00E4350D414207646D9CEE2F1D4D69F71921A9A5B19DB11D7307A4D89F51EA2E622510AEA24724AAC90890ADC014D914FF00B410B1BA9AD958BEE0BC5C694B608A8135BE61F2E0E5744722C237F4DC28C32527B941B60972C0FD25000344CBD329DEF06987E861398A505F5FEE00AB1009972C6E4B5530E892D5B9E613588CA2C55F8E2260724B42B6A14E08FA4BD404547785D67E02CB8FEE045ECE7715B4862A04FD772E7C56BCCB7C51F50CEF1010DE266265717A8268C4B533FFDA0008010303013F104F2603913009988F0BC30C00F497A7A7FD8F3604C66B00166E54BF1C00601A8AB2158E116A5E2A1B85CDA6512C99652F4CA81283732385C5D278E382608AE31F89AC2B90E48BF28796887A80D178D5CA08FB94CFBE5F0A26F12EE02CBFC4C478E26E19637FD4D9E5AAE5E131358604332B3D712832228B31C57F971CF8B7FEE01311389981C18CAB9250C8DCBEB1C4C15986B9FC88F7919B9F042552E700A99FDB144118E2897042EAFAE2A2CC07DF3FEE162535CD57EA517933115770CB510B2CA712D6B148897A5C0A165A520555302EDC6941E897222D72ADBE0133CBA999CA774282732CAD43A46F711BFE37511A8B2749015A851A953885CC997EA03258F0C6254648896510C3D13B52244B8764415397DC0347F08C570F08821B893211A209B80E3C32BF743BA52E08F111D1925530899B6C40B19AA58552D116720EE03741E6608054ADFB4238F04CEFE105439E2165FA4A7768C8AB1892D50B2B28A9ED2C6C88DC78CC068306CE625D10829C51DF8FF71473C17EE1D7FD83E31EACC7E235287CF07E088A7C0864041E851829141CC1E3013683E0434F27F9E20178A984EE62A8233EA67C45F1F9410D2DFF009994B57FC11C57BFF0CBEC00313A9A3FB4552D4BBAC4AB02F0846DE25FB70B02672EA324CCB1076460B07D332AC21A547B936BFC4B711FDE605CAA1B49368ACA4176A9437F08E5051190F49887DC0C3B947B212E20DC450BABC12E4EAE98A436F1CC142D5C6B19F3E25A653A1C069801595C3E854A8C635445C2C81A03BEFE28734652B72F0333024CA620C54748086C371DA8CC040FB999B89564C5220DF3D11AD2F2CA28C7ECB2D41719A2AE0EE2C1730862A22F83E1641D214CCC624B61EA0A086C155FC04BC73DC3344A4F32BEDD4070102B52C86E170B36A297F843C196194B50365315305C57115F8CB31BF131119841E60C25DC218CB0C2323A8BFF00806259894A1176B89A981061D25232C9ECFF00932410A8A0234CB5C02A545D8118E230CB128B659A09BEBE1D7CEEC214F8CD951B8BFCCC4259F7592CB9F48046BFCFF12904ED1CB108E152D74DD4B37291FFD900','Fecha de la cita: 20 de abril de 2023
Hora de la cita: 10:00 a.m.
Motivo de la consulta: Dolor abdominal y náuseas',1,1);



insert into `Telesystem`.`preguntas` 
(`idpreguntas`,`pregunta`,`cuestionario_idcuestionario`,`especialidades_id_especialidad`)
values 
(1,"¿Toma algun medicamento?",1,1);

insert into `Telesystem`.`respuestas` 
(`idrespuestas`,`respuesta`,`preguntas_idpreguntas`,`historialmedico_idhistorialmedico`)
values 
(1,"no",1,1);


insert into `Telesystem`.`documentos` 
(`iddocumentos`,`historialmedico_idhistorialmedico`)
values 
(1,1);


                                    
                                    




insert into `Telesystem`.`examen_medico_has_cita`
(`examen_medico_idexamen`,`cita_idcita`)
values 
(1,1);


insert into `Telesystem`.`sedes_has_especialidades`
(`sedes_idsedes`,`especialidades_id_especialidad`)
values 
(1,1);

insert into `Telesystem`.`deliverymedicamentos`
(`iddeliverymedicamentos`,`latitudinicial`,`latitudfinal`,`longitudinicial`,`longitudfinal`,`estado`,`receta_idreceta`)
values 
(1,40.4168,-3.7038,51.5072,-0.1276,"en proceso",1);





insert into `Telesystem`.`receta_has_medicamentos`
(`receta_idreceta`,`medicamentos_idmedicamentos`)
values 
(1,1);



insert into `Telesystem`.`boletas`
(`idboletas`,`conceptopago`,`monto`,`seguros_id_seguro`,`receta_idreceta`,`cita_idcita`,`examen_medico_idexamen`)
values 
(1,"tarjeta",10,2,1,1,1);



insert into `Telesystem`.`historialmedico_has_alergias`
(`historialmedico_idhistorialmedico`,`alergias_idalergias`)
values 
(1,1);
















		
        
        
        
        







